Mineral Code,Mineral Counts,HHI,Producer Diversity,Sector Usage Count,Economic Importance,HHI_norm,ProducerDiversity_norm,SupplyRisk,SectorUsage_norm,EconomicImportance_norm,DemandImportance,CriticalityScore,Rank
IRI,4,0.25,4,4.0,2.5,0.675,0.1,0.7424999999999999,1.0,1.0,1.0,0.87125,1
RUT,3,0.3333333333333333,3,3.0,1.7000000000000002,1.0,0.0,1.0,0.6666666666666666,0.5789473684210527,0.6140350877192983,0.8070175438596492,2
RHO,3,0.3333333333333333,3,3.0,1.5000000000000002,1.0,0.0,1.0,0.6666666666666666,0.47368421052631593,0.5508771929824562,0.775438596491228,3
MAN,5,0.2,5,4.0,2.2,0.4800000000000001,0.2,0.5760000000000001,1.0,0.8421052631578948,0.9052631578947369,0.7406315789473685,4
NIO,3,0.3333333333333333,3,3.0,1.2,1.0,0.0,1.0,0.6666666666666666,0.3157894736842105,0.45614035087719296,0.7280701754385965,5
ANT,6,0.16666666666666666,6,4.0,2.5,0.35,0.3,0.45499999999999996,1.0,1.0,1.0,0.7275,6
HAF,5,0.2,5,3.0,2.4000000000000004,0.4800000000000001,0.2,0.5760000000000001,0.6666666666666666,0.9473684210526317,0.8350877192982458,0.7055438596491229,7
NIC,6,0.16666666666666666,6,4.0,2.3000000000000003,0.35,0.3,0.45499999999999996,1.0,0.8947368421052633,0.9368421052631579,0.6959210526315789,8
ZIR,5,0.2,5,4.0,1.9,0.4800000000000001,0.2,0.5760000000000001,1.0,0.6842105263157894,0.8105263157894737,0.6932631578947368,9
PLA,4,0.25,4,4.0,1.3,0.675,0.1,0.7424999999999999,1.0,0.368421052631579,0.6210526315789474,0.6817763157894736,10
COP,7,0.14285714285714285,7,4.0,2.4,0.2571428571428571,0.4,0.36,1.0,0.9473684210526315,0.968421052631579,0.6642105263157895,11
CES,4,0.25,4,3.0,1.6,0.675,0.1,0.7424999999999999,0.6666666666666666,0.5263157894736842,0.5824561403508772,0.6624780701754386,12
LED,5,0.2,5,4.0,1.6,0.4800000000000001,0.2,0.5760000000000001,1.0,0.5263157894736842,0.7157894736842105,0.6458947368421053,13
VAN,5,0.2,5,3.0,2.0,0.4800000000000001,0.2,0.5760000000000001,0.6666666666666666,0.7368421052631579,0.7087719298245614,0.6423859649122807,14
TEL,5,0.2,5,3.0,2.0,0.4800000000000001,0.2,0.5760000000000001,0.6666666666666666,0.7368421052631579,0.7087719298245614,0.6423859649122807,14
ZIN,5,0.2,5,4.0,1.5,0.4800000000000001,0.2,0.5760000000000001,1.0,0.4736842105263158,0.6842105263157895,0.6301052631578947,16
MAG,5,0.2,5,3.0,1.7999999999999998,0.4800000000000001,0.2,0.5760000000000001,0.6666666666666666,0.6315789473684209,0.6456140350877192,0.6108070175438596,17
TIN,6,0.16666666666666666,6,4.0,1.7000000000000002,0.35,0.3,0.45499999999999996,1.0,0.5789473684210527,0.7473684210526317,0.6011842105263159,18
PAL,4,0.25,4,3.0,1.2000000000000002,0.675,0.1,0.7424999999999999,0.6666666666666666,0.3157894736842106,0.45614035087719307,0.5993201754385965,19
ARS,5,0.2,5,3.0,1.7000000000000002,0.4800000000000001,0.2,0.5760000000000001,0.6666666666666666,0.5789473684210527,0.6140350877192983,0.5950175438596492,20
CHR,5,0.2,5,3.0,1.7000000000000002,0.4800000000000001,0.2,0.5760000000000001,0.6666666666666666,0.5789473684210527,0.6140350877192983,0.5950175438596492,20
RUB,4,0.25,4,3.0,1.1,0.675,0.1,0.7424999999999999,0.6666666666666666,0.2631578947368422,0.424561403508772,0.5835307017543859,22
SIL,5,0.2,5,3.0,1.6,0.4800000000000001,0.2,0.5760000000000001,0.6666666666666666,0.5263157894736842,0.5824561403508772,0.5792280701754386,23
TAN,5,0.2,5,3.0,1.6,0.4800000000000001,0.2,0.5760000000000001,0.6666666666666666,0.5263157894736842,0.5824561403508772,0.5792280701754386,23
ALU,6,0.16666666666666666,6,4.0,1.4,0.35,0.3,0.45499999999999996,1.0,0.42105263157894735,0.6526315789473685,0.5538157894736842,25
LIT,6,0.16666666666666666,6,3.0,1.8000000000000003,0.35,0.3,0.45499999999999996,0.6666666666666666,0.6315789473684211,0.6456140350877193,0.5503070175438596,26
SCA,5,0.2,5,3.0,1.4,0.4800000000000001,0.2,0.5760000000000001,0.6666666666666666,0.42105263157894735,0.519298245614035,0.5476491228070175,27
URA,6,0.16666666666666666,6,3.0,1.6,0.35,0.3,0.45499999999999996,0.6666666666666666,0.5263157894736842,0.5824561403508772,0.5187280701754386,28
BOR,5,0.2,5,3.0,1.2,0.4800000000000001,0.2,0.5760000000000001,0.6666666666666666,0.3157894736842105,0.45614035087719296,0.5160701754385966,29
BER,5,0.2,5,2.0,1.6,0.4800000000000001,0.2,0.5760000000000001,0.3333333333333333,0.5263157894736842,0.4491228070175438,0.512561403508772,30
GRA,6,0.16666666666666666,6,3.0,1.5,0.35,0.3,0.45499999999999996,0.6666666666666666,0.4736842105263158,0.5508771929824561,0.5029385964912281,31
TIT,5,0.2,5,3.0,1.1,0.4800000000000001,0.2,0.5760000000000001,0.6666666666666666,0.2631578947368422,0.424561403508772,0.500280701754386,32
SLV,6,0.16666666666666666,6,3.0,1.4,0.35,0.3,0.45499999999999996,0.6666666666666666,0.42105263157894735,0.519298245614035,0.4871491228070175,33
GAL,5,0.2,5,2.0,1.4,0.4800000000000001,0.2,0.5760000000000001,0.3333333333333333,0.42105263157894735,0.38596491228070173,0.4809824561403509,36
GER,5,0.2,5,2.0,1.4,0.4800000000000001,0.2,0.5760000000000001,0.3333333333333333,0.42105263157894735,0.38596491228070173,0.4809824561403509,36
COB,5,0.2,5,2.0,1.4,0.4800000000000001,0.2,0.5760000000000001,0.3333333333333333,0.42105263157894735,0.38596491228070173,0.4809824561403509,36
TUN,5,0.2,5,2.0,1.4,0.4800000000000001,0.2,0.5760000000000001,0.3333333333333333,0.42105263157894735,0.38596491228070173,0.4809824561403509,36
IND,5,0.2,5,2.0,1.4,0.4800000000000001,0.2,0.5760000000000001,0.3333333333333333,0.42105263157894735,0.38596491228070173,0.4809824561403509,36
BIS,5,0.2,5,3.0,0.9,0.4800000000000001,0.2,0.5760000000000001,0.6666666666666666,0.15789473684210528,0.36140350877192984,0.46870175438596495,39
RHE,5,0.2,5,2.0,1.1,0.4800000000000001,0.2,0.5760000000000001,0.3333333333333333,0.2631578947368422,0.2912280701754386,0.43361403508771934,40
BAR,5,0.2,5,2.0,1.1,0.4800000000000001,0.2,0.5760000000000001,0.3333333333333333,0.2631578947368422,0.2912280701754386,0.43361403508771934,40
POT,5,0.2,5,2.0,1.0,0.4800000000000001,0.2,0.5760000000000001,0.3333333333333333,0.2105263157894737,0.2596491228070176,0.4178245614035088,42
PHO,5,0.2,5,2.0,1.0,0.4800000000000001,0.2,0.5760000000000001,0.3333333333333333,0.2105263157894737,0.2596491228070176,0.4178245614035088,42
FLU,5,0.2,5,2.0,0.9,0.4800000000000001,0.2,0.5760000000000001,0.3333333333333333,0.15789473684210528,0.22807017543859648,0.4020350877192983,44
REE,13,0.07692307692307693,13,3.0,1.8000000000000003,0.0,1.0,0.0,0.6666666666666666,0.6315789473684211,0.6456140350877193,0.32280701754385965,45
MCO,5,0.2,5,1.0,0.6,0.4800000000000001,0.2,0.5760000000000001,0.0,0.0,0.0,0.28800000000000003,46
