Mineral,Countries with Significant Deposits
Aluminum (Bauxite),"Guinea, Australia, Brazil, Vietnam, India, Jamaica"
Antimony,"China, Russia, Tajikistan, Myanmar, Bolivia, Turkiye"
Arsenic,"China, Peru, Morocco, Russia, Mexico"
Barite,"China, India, Morocco, Kazakhstan, United States"
Beryllium,"United States, China, Brazil, Madagascar, Mozambique"
Bismuth,"China, Mexico, Peru, Bolivia, Vietnam"
Boron,"Turkiye, United States, Argentina, Chile, Russia"
Cesium,"Canada, Zimbabwe, Australia, Namibia"
Chromium,"South Africa, Kazakhstan, India, Turkiye, Finland"
Cobalt,"DRC, Australia, Indonesia, Cuba, Canada"
Copper,"Chile, Peru, Australia, DRC, Russia, United States, Zambia"
Fluorspar,"China, Mexico, Mongolia, South Africa, Spain"
Gallium*,"China, Australia, Germany, Kazakhstan, Ukraine"
Germanium*,"China, Canada, Russia, United States, Belgium"
Graphite,"China, Mozambique, Madagascar, Tanzania, Brazil, India"
Hafnium*,"Australia, South Africa, United States, India, Mozambique"
Indium*,"China, Peru, Canada, Bolivia, Australia"
Iridium*,"South Africa, Russia, Zimbabwe, Canada"
Lead,"Australia, China, Peru, Mexico, United States"
Lithium,"Chile, Australia, Argentina, China, Bolivia, Canada"
Magnesium,"China, Russia, Brazil, Turkiye, North Korea"
Manganese,"South Africa, Australia, Gabon, Brazil, Ukraine"
Metallurgical Coal,"Australia, United States, Canada, Mongolia, Russia"
Nickel,"Indonesia, Australia, Brazil, Russia, Canada, Philippines"
Niobium,"Brazil, Canada, Australia"
Palladium*,"Russia, South Africa, Canada, United States"
Phosphate,"Morocco (including Western Sahara), China, Egypt, Saudi Arabia, Jordan"
Platinum,"South Africa, Russia, Zimbabwe, Canada"
Potash,"Canada, Russia, Belarus, China, Germany"
Rhenium*,"Chile, United States, Peru, Kazakhstan, Poland"
Rhodium*,"South Africa, Russia, Zimbabwe"
Rubidium*,"Canada, Zimbabwe, Australia, Namibia"
Ruthenium*,"South Africa, Russia, Zimbabwe"
Scandium*,"Australia, China, Philippines, Russia, Madagascar"
Silicon (Quartz),"China, Brazil, United States, Norway, Australia"
Silver,"Peru, Mexico, China, Australia, Chile, Poland"
Tantalum,"DRC, Rwanda, Australia, Brazil, Nigeria"
Tellurium*,"China, Peru, Japan, Canada, Sweden"
Tin,"China, Indonesia, Myanmar, Peru, Bolivia, DRC"
Titanium,"Australia, South Africa, Mozambique, India, China"
Tungsten,"China, Vietnam, Russia, Bolivia, Rwanda"
Uranium,"Australia, Kazakhstan, Canada, Namibia, Niger, Uzbekistan"
Vanadium,"China, Russia, South Africa, Brazil, Australia"
Zinc,"Australia, China, Peru, Mexico, India"
Zirconium (Zircon),"Australia, South Africa, Mozambique, India, United States"
REE,"China, Brazil, Vietnam, Australia, Russia, India, United States,Greenland, Canada, South Africa, Tanzania, Madagascar, Malawi"
