Title,Details,Category
Overview,"This model explores the relationship between:
Mineral Endowment, Industrial Use Manufacturing Capability National Strategy


The objective is not to estimate commodity prices or market value. The objective is to understand how resources support industrial capability and how different countries perceive strategically important materials.

The model combines:

geological occurrence data,
industrial applications,
manufacturing geography,
national strategic mineral frameworks.

The result is a view of the physical foundations that support modern economies.",General
Observation 1,"Critical mineral diversity is concentrated in Asia and Africa

The largest concentrations of critical mineral occurrences are found in Asia and Africa. These regions possess a substantial share of the physical resources underpinning industrial civilisation.

Implication

Future industrial growth remains dependent on resources located outside many advanced industrial economies.",Geographic
Observation 2,"Australia is a major outlier

Australia combines:

broad mineral diversity,
political stability,
strong institutions,
developed infrastructure.

Few countries possess this combination.

Implication

Australia occupies a uniquely advantageous position within global resource supply chains.",Geographic
Observation 3,"Russia remains strategically significant

Russia possesses a wide range of strategic minerals concentrated within a single state.

Implication

Russia's importance extends beyond energy resources and into multiple future industrial supply chains.",Geographic
Observation 4,"Mineral geography differs from manufacturing geography

The countries producing strategic minerals are often not the same countries manufacturing the highest-value products.

Implication

Resource ownership alone does not determine economic power.",Geographic
Observation 5,"Minerals matter because of what they enable

Minerals are not economically valuable simply because they exist.

They become important because they support:

Products, Industries, Economic Activity

Implication

The industrial application of a mineral is often more important than the mineral itself.",Industrial
Observation 6,"A small number of minerals support many sectors

Examples include: Copper, Silicon, Aluminium, Rare Earth Elements

These minerals are used across multiple industrial sectors.

Implication

Broad industrial reach may be as important as scarcity.",Industrial
Observation 7,"Scarcity and importance are not the same thing

Some minerals are scarce.

Some minerals are foundational.

These categories are not always identical.
Copper is relatively widespread but remains strategically important because many sectors depend upon it.",Industrial
Observation 8,"There is no universal definition of a strategic mineral

Different governments classify minerals differently.

Implication

Mineral lists reflect national priorities rather than objective truth.",National Strategy
Observation 9,"Australia views minerals through a resource opportunity lens

Australia's strategic minerals generally align with resources the country can produce and export.

Core Question
What can Australia supply?",National Strategy
Observation 10,"The UK views minerals through an industrial growth lens

The UK Growth Minerals framework appears aligned with: future manufacturing,
industrial strategy, economic development goals.
Core Question
What will the UK need by 2035?",National Strategy
Observation 11,"Malaysia views minerals through an industrialisation lens

Malaysia's inclusion of Kaolin, Silica Sand and Tin  indicates focus on industries Malaysia can realistically support.

Core Question
What industries can Malaysia build?",National Strategy
Observation 12,"Zimbabwe views minerals through a value-capture lens

Zimbabwe's framework appears focused on:

Mining, Processing, Beneficiation, Development

Core Question
How can Zimbabwe retain more value domestically?",National Strategy
Observation 13,"China focuses on value-chain capability

China's framework appears less concerned with individual minerals and more concerned with maintaining capability across:

Mining, Processing, Materials, Manufacturing

Core Question
How can China maintain industrial capability across the entire chain?",National Strategy
Observation 14,"South Africa focuses on industrial strengths

South Africa prioritises: PGMs, Chrome, Manganese, Gold, Vanadium

which align closely with existing industrial strengths.

Core Question
Which mineral value chains can South Africa realistically develop?",National Strategy
Observation 15,"Rare Earth Elements are uniquely important

Rare Earth Elements achieve the highest Recognition Score and are recognised by every framework included in this model.

Implication

REEs represent the strongest global strategic consensus mineral.",National Strategy
Observation 16,"Aluminium, Cobalt, Lithium and Nickel form a second tier

These minerals are recognised by almost every framework despite very different national objectives.

Implication

These minerals underpin multiple industrial futures.",National Strategy
Observation 17,"The most interesting minerals are often the controversial ones. E.g. Kaolin, Gold, PGMs,Uranium

These minerals reveal differences between national development strategies.

Implication

Disagreement between frameworks may be more informative than agreement.",National Strategy
Observation 18,"Countries may define strategic minerals according to dependency rather than importance.

The Indian framework appears to emphasise minerals where domestic availability is limited and import dependence is high. This differs from frameworks that focus on resource endowment, industrial development or supply-chain capability. As a result, some minerals regarded as strategically important elsewhere, such as aluminium or chromium, may be absent where domestic supply is already secure.",National Strategy
Conclusion 1,"Critical mineral lists are not really lists of minerals.

They are condensed expressions of:

industrial strategy,
development goals,
supply security concerns,
national ambitions.",Core Conclusions
Conclusion 2,"Mineral ownership does not automatically create economic power.

Economic value is created through:

Processing
↓
Manufacturing
↓
Capability


rather than extraction alone.",Core Conclusions
Conclusion 3,"The physical foundations of economic power are often hidden.

Modern economies ultimately depend on:
Materials Energy, Infrastructure, Industry

even when economic activity appears increasingly service-based.",Core Conclusions
Conclusion 4,"This model is not fundamentally about minerals.

It is an exploration of how different nations understand:
Resources,  Industry, Development and Economic Capability through the lens of strategic materials.",Core Conclusions
