Country,ISO3,Continent
Afghanistan,AFG,Asia
Albania,ALB,Europe
Algeria,DZA,Africa
Andorra,AND,Europe
Angola,AGO,Africa
Antigua and Barbuda,ATG,North America
Argentina,ARG,South America
Armenia,ARM,Eurasia
Australia,AUS,Oceania
Austria,AUT,Europe
Azerbaijan,AZE,Eurasia
Bahamas,BHS,North America
Bahrain,BHR,Asia
Bangladesh,BGD,Asia
Barbados,BRB,North America
Belarus,BLR,Europe
Belgium,BEL,Europe
Belize,BLZ,Central America
Benin,BEN,Africa
Bhutan,BTN,Asia
Bolivia,BOL,South America
Bosnia and Herzegovina,BIH,Europe
Botswana,BWA,Africa
Brazil,BRA,South America
Brunei,BRN,Asia
Bulgaria,BGR,Europe
Burkina Faso,BFA,Africa
Burundi,BDI,Africa
Cabo Verde,CPV,Africa
Cambodia,KHM,Asia
Cameroon,CMR,Africa
Canada,CAN,North America
Central African Republic,CAF,Africa
Chad,TCD,Africa
Chile,CHL,South America
China,CHN,Asia
Colombia,COL,South America
Comoros,COM,Africa
Congo,COG,Africa
DRC,COD,Africa
Costa Rica,CRI,Central America
Côte d'Ivoire,CIV,Africa
Croatia,HRV,Europe
Cuba,CUB,North America
Cyprus,CYP,Europe
Czech Republic,CZE,Europe
Denmark,DNK,Europe
Djibouti,DJI,Africa
Dominica,DMA,North America
Dominican Republic,DOM,North America
Ecuador,ECU,South America
Egypt,EGY,Africa
El Salvador,SLV,Central America
Equatorial Guinea,GNQ,Africa
Eritrea,ERI,Africa
Estonia,EST,Europe
Eswatini,SWZ,Africa
Ethiopia,ETH,Africa
Fiji,FJI,Oceania
Finland,FIN,Europe
France,FRA,Europe
Gabon,GAB,Africa
Gambia,GMB,Africa
Georgia,GEO,Eurasia
Germany,DEU,Europe
Ghana,GHA,Africa
Greece,GRC,Europe
Greenland,GRL,Europe
Grenada,GRD,North America
Guatemala,GTM,Central America
Guinea,GIN,Africa
Guinea-Bissau,GNB,Africa
Guyana,GUY,South America
Haiti,HTI,North America
Honduras,HND,Central America
Hungary,HUN,Europe
Iceland,ISL,Europe
India,IND,Asia
Indonesia,IDN,Asia
Iran,IRN,Asia
Iraq,IRQ,Asia
Ireland,IRL,Europe
Israel,ISR,Asia
Italy,ITA,Europe
Jamaica,JAM,North America
Japan,JPN,Asia
Jordan,JOR,Asia
Kazakhstan,KAZ,Asia
Kenya,KEN,Africa
Kiribati,KIR,Oceania
North Korea,PRK,Asia
South Korea,KOR,Asia
Kuwait,KWT,Asia
Kyrgyzstan,KGZ,Asia
Laos,LAO,Asia
Latvia,LVA,Europe
Lebanon,LBN,Asia
Lesotho,LSO,Africa
Liberia,LBR,Africa
Libya,LBY,Africa
Liechtenstein,LIE,Europe
Lithuania,LTU,Europe
Luxembourg,LUX,Europe
Madagascar,MDG,Africa
Malawi,MWI,Africa
Malaysia,MYS,Asia
Maldives,MDV,Asia
Mali,MLI,Africa
Malta,MLT,Europe
Marshall Islands,MHL,Oceania
Mauritania,MRT,Africa
Mauritius,MUS,Africa
Mexico,MEX,North America
Micronesia,FSM,Oceania
Moldova,MDA,Europe
Monaco,MCO,Europe
Mongolia,MNG,Asia
Montenegro,MNE,Europe
Morocco,MAR,Africa
Mozambique,MOZ,Africa
Myanmar,MMR,Asia
Namibia,NAM,Africa
Nauru,NRU,Oceania
Nepal,NPL,Asia
Netherlands,NLD,Europe
New Zealand,NZL,Oceania
Nicaragua,NIC,Central America
Niger,NER,Africa
Nigeria,NGA,Africa
North Macedonia,MKD,Europe
Norway,NOR,Europe
Oman,OMN,Asia
Pakistan,PAK,Asia
Palau,PLW,Oceania
Palestine,PSE,Asia
Panama,PAN,Central America
Papua New Guinea,PNG,Oceania
Paraguay,PRY,South America
Peru,PER,South America
Philippines,PHL,Asia
Poland,POL,Europe
Portugal,PRT,Europe
Qatar,QAT,Asia
Romania,ROU,Europe
Russia,RUS,Eurasia
Rwanda,RWA,Africa
Saint Kitts and Nevis,KNA,North America
Saint Lucia,LCA,North America
Saint Vincent and the Grenadines,VCT,North America
Samoa,WSM,Oceania
San Marino,SMR,Europe
Sao Tome and Principe,STP,Africa
Saudi Arabia,SAU,Asia
Senegal,SEN,Africa
Serbia,SRB,Europe
Seychelles,SYC,Africa
Sierra Leone,SLE,Africa
Singapore,SGP,Asia
Slovakia,SVK,Europe
Slovenia,SVN,Europe
Solomon Islands,SLB,Oceania
Somalia,SOM,Africa
South Africa,ZAF,Africa
South Sudan,SSD,Africa
Spain,ESP,Europe
Sri Lanka,LKA,Asia
Sudan,SDN,Africa
Suriname,SUR,South America
Sweden,SWE,Europe
Switzerland,CHE,Europe
Syria,SYR,Asia
Taiwan,TWN,Asia
Tajikistan,TJK,Asia
Tanzania,TZA,Africa
Thailand,THA,Asia
Timor-Leste,TLS,Asia
Togo,TGO,Africa
Tonga,TON,Oceania
Trinidad and Tobago,TTO,North America
Tunisia,TUN,Africa
Turkiye,TUR,Asia
Turkmenistan,TKM,Asia
Tuvalu,TUV,Oceania
Uganda,UGA,Africa
Ukraine,UKR,Europe
United Arab Emirates,ARE,Asia
United Kingdom,GBR,Europe
United States,USA,North America
Uruguay,URY,South America
Uzbekistan,UZB,Asia
Vanuatu,VUT,Oceania
Venezuela,VEN,South America
Vietnam,VNM,Asia
Yemen,YEM,Asia
Zambia,ZMB,Africa
Zimbabwe,ZWE,Africa
