Country Code,ALU,ANT,ARS,BAR,BER,BIS,BOR,CES,CHR,COB,COP,FLU,GAL,GER,GRA,HAF,IND,IRI,LED,LIT,MAG,MAN,MCO,NIC,NIO,PAL,PHO,PLA,POT,RHE,RHO,RUB,RUT,SCA,SIL,SLV,TAN,TEL,TIN,TIT,TUN,URA,VAN,ZIN,ZIR,REE,Strategic Mineral Score
CHN,0.0,0.6666666666666666,0.8,0.8,0.8,0.8,0.0,0,0.0,0.0,0.0,0.8,0.8,0.8,0.6666666666666666,0.0,0.8,0,0.8,0.6666666666666666,0.8,0.0,0.0,0.0,0.0,0,0.8,0,0.6,0.0,0.0,0,0.0,0.6,0.8,0.6666666666666666,0.0,0.8,0.6666666666666666,0.8,0.8,0.0,0.6,0.8,0.0,0.3076923076923077,18.241025641025644
AUS,0.6666666666666666,0.0,0.0,0.0,0.0,0.0,0.0,1,0.0,0.8,0.5714285714285714,0.0,0.8,0.0,0.0,0.8,0.8,0,0.8,0.6666666666666666,0.0,0.8,0.8,0.6666666666666666,1.3333333333333333,0,0.0,0,0.0,0.0,0.0,1,0.0,0.6,0.8,0.6666666666666666,0.8,0.0,0.0,0.8,0.0,0.5,0.6,0.8,0.8,0.3076923076923077,18.17912087912088
CAN,0.0,0.6666666666666666,0.8,0.0,0.0,0.0,0.8,0,0.0,0.0,0.5714285714285714,0.0,0.0,0.8,0.0,0.0,0.0,1,0.0,0.0,0.8,0.0,0.8,0.6666666666666666,0.0,1,0.0,1,0.6,0.0,1.3333333333333333,0,1.3333333333333333,0.6,0.0,0.0,0.0,0.0,0.0,0.0,0.8,0.0,0.6,0.0,0.0,0.3076923076923077,14.479120879120881
RUS,0.0,0.0,0.8,0.0,0.0,0.0,0.0,1,0.0,0.8,0.0,0.0,0.0,0.8,0.0,0.0,0.8,1,0.0,0.6666666666666666,0.0,0.0,0.8,0.6666666666666666,1.3333333333333333,1,0.0,1,0.6,0.0,0.0,1,0.0,0.0,0.0,0.0,0.0,0.8,0.0,0.0,0.0,0.5,0.0,0.0,0.0,0.3076923076923077,13.874358974358977
USA,0.0,0.0,0.8,0.0,0.0,0.0,0.0,0,0.8,0.0,0.0,0.8,0.0,0.0,0.0,0.8,0.0,1,0.0,0.0,0.0,0.8,0.0,0.0,0.0,1,0.0,1,0.0,0.0,1.3333333333333333,0,1.3333333333333333,0.0,0.0,0.0,0.0,0.0,0.0,0.8,0.0,0.0,0.6,0.0,0.8,0.3076923076923077,12.174358974358977
ZAF,0.0,0.0,0.8,0.8,0.8,0.0,0.8,0,0.0,0.0,0.5714285714285714,0.0,0.0,0.8,0.0,0.8,0.0,0,0.8,0.0,0.0,0.0,0.8,0.0,0.0,1,0.0,0,0.0,0.8,0.0,0,0.0,0.0,0.8,0.0,0.0,0.0,0.0,0.0,0.0,0.0,0.0,0.0,0.8,0.3076923076923077,10.67912087912088
BRA,0.6666666666666666,0.0,0.8,0.0,0.8,0.0,0.0,0,0.0,0.0,0.0,0.0,0.0,0.0,0.6666666666666666,0.0,0.0,0,0.0,0.0,0.8,0.8,0.0,0.6666666666666666,1.3333333333333333,0,0.0,0,0.0,0.0,0.0,0,0.0,0.0,0.8,0.0,0.8,0.0,0.0,0.0,0.0,0.0,0.6,0.0,0.0,0.3076923076923077,9.04102564102564
PER,0.0,0.0,0.8,0.0,0.0,0.8,0.0,0,0.0,0.0,0.5714285714285714,0.0,0.0,0.0,0.0,0.0,0.8,0,0.8,0.0,0.0,0.0,0.0,0.0,0.0,0,0.0,0,0.0,0.8,0.0,0,0.0,0.0,0.0,0.6666666666666666,0.0,0.8,0.6666666666666666,0.0,0.0,0.0,0.0,0.8,0.0,0.0,7.504761904761905
CHL,0.6666666666666666,0.0,0.8,0.8,0.0,0.0,0.0,0,0.8,0.0,0.0,0.0,0.0,0.0,0.6666666666666666,0.8,0.0,0,0.0,0.0,0.0,0.0,0.0,0.0,0.0,0,0.0,0,0.0,0.0,0.0,0,0.0,0.0,0.0,0.0,0.0,0.0,0.0,0.8,0.0,0.0,0.0,0.8,0.8,0.3076923076923077,7.24102564102564
BOL,0.0,0.6666666666666666,0.8,0.0,0.0,0.8,0.0,0,0.0,0.0,0.0,0.0,0.0,0.0,0.0,0.0,0.8,0,0.0,0.6666666666666666,0.0,0.0,0.0,0.0,0.0,0,0.0,0,0.0,0.0,0.0,0,0.0,0.0,0.0,0.0,0.0,0.0,0.6666666666666666,0.0,0.8,0.0,0.0,0.0,0.0,0.0,5.199999999999999
IND,0.0,0.0,0.8,0.0,0.0,0.8,0.0,0,0.0,0.0,0.0,0.8,0.0,0.0,0.0,0.0,0.0,0,0.8,0.0,0.0,0.0,0.0,0.0,0.0,0,0.0,0,0.0,0.0,0.0,0,0.0,0.0,0.0,0.6666666666666666,0.0,0.0,0.0,0.0,0.0,0.0,0.0,0.8,0.0,0.0,4.666666666666667
KAZ,0.0,0.0,0.8,0.0,0.0,0.0,0.0,1,0.0,0.0,0.0,0.0,0.0,0.0,0.0,0.0,0.0,1,0.0,0.0,0.0,0.0,0.0,0.0,0.0,0,0.0,1,0.0,0.0,1.3333333333333333,1,1.3333333333333333,0.0,0.0,0.0,0.0,0.0,0.0,0.0,0.0,0.0,0.0,0.0,0.0,0.0,7.466666666666666
MOZ,0.0,0.0,0.8,0.0,0.0,0.0,0.8,0,0.0,0.0,0.5714285714285714,0.0,0.0,0.0,0.0,0.0,0.0,0,0.0,0.6666666666666666,0.0,0.0,0.0,0.0,0.0,0,0.0,0,0.0,0.8,0.0,0,0.0,0.0,0.0,0.6666666666666666,0.0,0.0,0.0,0.0,0.0,0.0,0.0,0.0,0.0,0.0,4.3047619047619055
MEX,0.0,0.0,0.8,0.8,0.0,0.0,0.0,0,0.8,0.0,0.0,0.0,0.8,0.0,0.0,0.0,0.0,0,0.0,0.0,0.0,0.0,0.0,0.0,0.0,0,0.0,0,0.0,0.8,0.0,0,0.0,0.0,0.0,0.0,0.0,0.0,0.0,0.0,0.0,0.5,0.0,0.0,0.0,0.0,4.5
ZWE,0.0,0.0,0.8,0.0,0.8,0.0,0.0,0,0.0,0.0,0.0,0.0,0.0,0.0,0.6666666666666666,0.8,0.0,0,0.0,0.0,0.0,0.0,0.0,0.0,0.0,0,0.0,0,0.0,0.0,0.0,0,0.0,0.0,0.0,0.0,0.0,0.0,0.0,0.8,0.0,0.0,0.0,0.0,0.8,0.0,4.666666666666666
IDN,0.0,0.0,0.8,0.0,0.0,0.0,0.0,0,0.0,0.8,0.5714285714285714,0.0,0.0,0.0,0.0,0.0,0.0,0,0.0,0.0,0.0,0.0,0.0,0.0,0.0,0,0.0,0,0.0,0.0,0.0,0,0.0,0.0,0.0,0.0,0.8,0.0,0.6666666666666666,0.0,0.0,0.0,0.0,0.0,0.0,0.0,3.638095238095238
COD,0.0,0.0,0.8,0.0,0.8,0.0,0.0,0,0.0,0.0,0.0,0.0,0.0,0.0,0.6666666666666666,0.0,0.0,0,0.0,0.0,0.0,0.0,0.0,0.0,0.0,0,0.0,0,0.0,0.0,0.0,0,0.0,0.6,0.0,0.0,0.0,0.0,0.0,0.0,0.0,0.0,0.0,0.0,0.0,0.3076923076923077,3.1743589743589746
UZB,0.0,0.6666666666666666,0.8,0.0,0.0,0.0,0.8,0,0.8,0.0,0.0,0.0,0.0,0.0,0.0,0.0,0.0,0,0.0,0.0,0.8,0.0,0.0,0.0,0.0,0,0.0,0,0.0,0.0,0.0,0,0.0,0.0,0.0,0.0,0.0,0.0,0.0,0.0,0.0,0.0,0.0,0.0,0.0,0.0,3.8666666666666663
NER,0.6666666666666666,0.0,0.8,0.0,0.0,0.8,0.0,0,0.0,0.0,0.0,0.0,0.0,0.0,0.0,0.0,0.0,0,0.0,0.0,0.0,0.0,0.0,0.0,0.0,0,0.0,0,0.0,0.0,0.0,0,0.0,0.0,0.0,0.0,0.0,0.0,0.0,0.0,0.8,0.0,0.0,0.0,0.0,0.3076923076923077,3.374358974358974
NAM,0.0,0.0,0.8,0.0,0.0,0.0,0.0,0,0.0,0.8,0.0,0.0,0.0,0.0,0.0,0.0,0.0,0,0.0,0.0,0.0,0.0,0.0,0.6666666666666666,0.0,0,0.0,0,0.0,0.0,0.0,0,0.0,0.0,0.0,0.0,0.0,0.0,0.6666666666666666,0.0,0.0,0.0,0.0,0.0,0.0,0.0,2.933333333333333
TUR,0.0,0.0,0.8,0.8,0.0,0.0,0.0,0,0.0,0.0,0.0,0.0,0.0,0.0,0.0,0.0,0.0,0,0.0,0.0,0.0,0.0,0.0,0.0,0.0,0,0.8,0,0.0,0.0,0.0,0,0.0,0.0,0.0,0.0,0.0,0.0,0.0,0.0,0.0,0.0,0.0,0.0,0.0,0.0,2.4000000000000004
MDG,0.0,0.0,0.8,0.0,0.0,0.0,0.0,1,0.0,0.0,0.0,0.0,0.0,0.0,0.0,0.0,0.0,0,0.0,0.0,0.0,0.0,0.0,0.0,0.0,0,0.0,0,0.0,0.0,0.0,1,0.0,0.0,0.0,0.0,0.0,0.0,0.0,0.0,0.0,0.5,0.0,0.0,0.0,0.0,3.3
NOR,0.0,0.0,0.8,0.0,0.0,0.0,0.8,0,0.0,0.0,0.0,0.0,0.0,0.0,0.0,0.0,0.0,0,0.0,0.6666666666666666,0.0,0.0,0.0,0.0,0.0,0,0.0,0,0.0,0.0,0.0,0,0.0,0.0,0.0,0.0,0.0,0.0,0.0,0.0,0.0,0.0,0.0,0.0,0.0,0.0,2.2666666666666666
VNM,0.0,0.0,0.8,0.0,0.0,0.0,0.0,0,0.0,0.0,0.0,0.0,0.8,0.0,0.0,0.0,0.0,0,0.0,0.0,0.0,0.0,0.0,0.0,0.0,0,0.0,0,0.6,0.0,0.0,0,0.0,0.0,0.0,0.0,0.0,0.0,0.0,0.0,0.0,0.0,0.0,0.0,0.0,0.0,2.2
BEL,0.0,0.0,0.8,0.0,0.0,0.0,0.0,0,0.0,0.0,0.0,0.8,0.0,0.0,0.0,0.0,0.0,0,0.0,0.0,0.0,0.0,0.8,0.0,0.0,0,0.0,0,0.0,0.0,0.0,0,0.0,0.0,0.0,0.0,0.0,0.0,0.0,0.0,0.0,0.0,0.0,0.0,0.0,0.0,2.4000000000000004
ARG,0.0,0.6666666666666666,0.8,0.0,0.0,0.0,0.0,0,0.0,0.0,0.0,0.0,0.0,0.0,0.0,0.0,0.0,0,0.0,0.0,0.0,0.0,0.0,0.0,0.0,0,0.0,0,0.0,0.0,0.0,0,0.0,0.0,0.0,0.0,0.0,0.0,0.6666666666666666,0.0,0.0,0.0,0.0,0.0,0.0,0.0,2.1333333333333333
MAR,0.0,0.0,0.8,0.0,0.0,0.0,0.0,0,0.0,0.0,0.0,0.0,0.0,0.0,0.0,0.0,0.0,0,0.0,0.0,0.0,0.0,0.0,0.6666666666666666,0.0,0,0.0,0,0.0,0.0,0.0,0,0.0,0.6,0.0,0.0,0.0,0.0,0.0,0.0,0.0,0.0,0.0,0.0,0.0,0.0,2.066666666666667
MMR,0.0,0.0,0.8,0.0,0.0,0.0,0.0,0,0.0,0.0,0.0,0.0,0.0,0.0,0.0,0.0,0.0,0,0.0,0.0,0.0,0.0,0.0,0.0,0.0,0,0.0,0,0.0,0.8,0.0,0,0.0,0.0,0.0,0.6666666666666666,0.0,0.0,0.0,0.0,0.0,0.0,0.0,0.0,0.0,0.0,2.2666666666666666
POL,0.0,0.0,0.8,0.0,0.0,0.0,0.0,0,0.0,0.0,0.0,0.0,0.0,0.0,0.0,0.0,0.0,0,0.0,0.0,0.0,0.0,0.0,0.0,0.0,0,0.0,0,0.0,0.0,0.0,0,0.0,0.0,0.0,0.0,0.8,0.0,0.0,0.0,0.8,0.0,0.0,0.0,0.0,0.0,2.4000000000000004
UKR,0.0,0.0,0.8,0.0,0.0,0.0,0.0,0,0.0,0.0,0.0,0.0,0.0,0.0,0.6666666666666666,0.0,0.0,0,0.0,0.0,0.0,0.0,0.0,0.0,0.0,0,0.0,0,0.0,0.0,0.0,0,0.0,0.0,0.0,0.0,0.0,0.0,0.0,0.0,0.0,0.0,0.0,0.0,0.0,0.3076923076923077,1.7743589743589745
RWA,0.0,0.0,0.8,0.0,0.0,0.0,0.0,0,0.0,0.0,0.0,0.0,0.8,0.0,0.0,0.0,0.0,0,0.0,0.0,0.0,0.8,0.0,0.0,0.0,0,0.0,0,0.0,0.0,0.0,0,0.0,0.0,0.0,0.0,0.0,0.0,0.0,0.0,0.0,0.0,0.0,0.0,0.0,0.0,2.4000000000000004
DEU,0.0,0.0,0.8,0.0,0.0,0.0,0.0,0,0.0,0.0,0.0,0.0,0.0,0.0,0.0,0.0,0.0,0,0.0,0.0,0.0,0.0,0.0,0.0,0.0,0,0.0,0,0.6,0.0,0.0,0,0.0,0.0,0.0,0.0,0.0,0.0,0.0,0.0,0.0,0.0,0.0,0.0,0.0,0.0,1.4
PRK,0.0,0.0,0.8,0.0,0.0,0.0,0.0,0,0.0,0.0,0.0,0.0,0.0,0.8,0.0,0.0,0.0,0,0.0,0.0,0.0,0.0,0.0,0.0,0.0,0,0.0,0,0.0,0.0,0.0,0,0.0,0.0,0.0,0.0,0.0,0.0,0.0,0.0,0.0,0.0,0.0,0.0,0.0,0.0,1.6
FIN,0.0,0.0,0.8,0.0,0.0,0.0,0.0,0,0.0,0.8,0.0,0.0,0.0,0.0,0.0,0.0,0.0,0,0.0,0.0,0.0,0.0,0.0,0.0,0.0,0,0.0,0,0.0,0.0,0.0,0,0.0,0.0,0.0,0.0,0.0,0.0,0.0,0.0,0.0,0.0,0.0,0.0,0.0,0.0,1.6
ZMB,0.0,0.0,0.8,0.0,0.0,0.0,0.0,0,0.0,0.0,0.0,0.0,0.0,0.0,0.0,0.0,0.0,0,0.0,0.0,0.0,0.0,0.0,0.0,0.0,0,0.8,0,0.0,0.0,0.0,0,0.0,0.0,0.0,0.0,0.0,0.0,0.0,0.0,0.0,0.0,0.0,0.0,0.0,0.0,1.6
CUB,0.0,0.0,0.8,0.0,0.0,0.0,0.0,0,0.8,0.0,0.0,0.0,0.0,0.0,0.0,0.0,0.0,0,0.0,0.0,0.0,0.0,0.0,0.0,0.0,0,0.0,0,0.0,0.0,0.0,0,0.0,0.0,0.0,0.0,0.0,0.0,0.0,0.0,0.0,0.0,0.0,0.0,0.0,0.0,1.6
MWI,0.0,0.0,0.8,0.0,0.0,0.0,0.0,0,0.0,0.0,0.0,0.0,0.0,0.0,0.0,0.0,0.0,0,0.0,0.0,0.0,0.8,0.0,0.0,0.0,0,0.0,0,0.0,0.0,0.0,0,0.0,0.0,0.0,0.0,0.0,0.0,0.0,0.0,0.0,0.0,0.0,0.0,0.0,0.0,1.6
EGY,0.0,0.0,0.8,0.0,0.0,0.0,0.0,0,0.0,0.0,0.0,0.0,0.0,0.0,0.0,0.0,0.0,0,0.0,0.0,0.0,0.0,0.0,0.0,0.0,0,0.0,0,0.0,0.0,0.0,0,0.0,0.0,0.0,0.0,0.0,0.0,0.0,0.0,0.0,0.0,0.0,0.0,0.0,0.3076923076923077,1.1076923076923078
PHL,0.6666666666666666,0.0,0.8,0.0,0.0,0.0,0.0,0,0.0,0.0,0.0,0.0,0.0,0.0,0.0,0.0,0.0,0,0.0,0.0,0.0,0.0,0.0,0.0,0.0,0,0.0,0,0.0,0.0,0.0,0,0.0,0.0,0.0,0.0,0.0,0.0,0.0,0.0,0.0,0.0,0.0,0.0,0.0,0.0,1.4666666666666668
NGA,0.6666666666666666,0.0,0.8,0.0,0.0,0.0,0.0,0,0.0,0.0,0.0,0.0,0.0,0.0,0.0,0.0,0.0,0,0.0,0.0,0.0,0.0,0.0,0.0,0.0,0,0.0,0,0.0,0.0,0.0,0,0.0,0.0,0.0,0.0,0.0,0.0,0.0,0.0,0.0,0.0,0.0,0.0,0.0,0.0,1.4666666666666668
BLR,0.0,0.0,0.8,0.0,0.0,0.0,0.0,0,0.0,0.0,0.0,0.0,0.0,0.0,0.0,0.0,0.0,0,0.0,0.0,0.0,0.0,0.0,0.0,0.0,0,0.0,0,0.0,0.0,0.0,0,0.0,0.0,0.0,0.0,0.0,0.8,0.0,0.0,0.0,0.0,0.0,0.0,0.0,0.0,1.6
TZA,0.0,0.0,0.8,0.0,0.0,0.0,0.0,0,0.0,0.0,0.0,0.0,0.0,0.0,0.0,0.0,0.0,0,0.0,0.0,0.0,0.0,0.0,0.0,0.0,0,0.8,0,0.0,0.0,0.0,0,0.0,0.0,0.0,0.0,0.0,0.0,0.0,0.0,0.0,0.0,0.0,0.0,0.0,0.0,1.6
JAM,0.0,0.0,0.8,0.0,0.0,0.0,0.0,0,0.0,0.0,0.0,0.0,0.0,0.0,0.0,0.0,0.0,0,0.0,0.0,0.0,0.0,0.0,0.0,0.0,0,0.0,0,0.0,0.0,0.0,0,0.0,0.0,0.0,0.0,0.0,0.0,0.0,0.0,0.0,0.0,0.0,0.0,0.0,0.3076923076923077,1.1076923076923078
SWE,0.0,0.0,0.8,0.0,0.0,0.0,0.0,0,0.0,0.0,0.0,0.0,0.0,0.0,0.0,0.0,0.0,0,0.0,0.0,0.0,0.0,0.0,0.0,0.0,0,0.0,0,0.0,0.0,0.0,0,0.0,0.0,0.0,0.0,0.0,0.0,0.0,0.0,0.0,0.5,0.0,0.0,0.0,0.0,1.3
ESP,0.0,0.0,0.8,0.0,0.0,0.0,0.0,0,0.0,0.0,0.0,0.0,0.0,0.0,0.0,0.0,0.0,0,0.0,0.0,0.0,0.0,0.0,0.0,0.0,0,0.0,0,0.0,0.0,0.0,0,0.0,0.0,0.0,0.0,0.8,0.0,0.0,0.0,0.0,0.0,0.0,0.0,0.0,0.0,1.6
GRL,0.0,0.0,0.8,0.0,0.0,0.0,0.0,0,0.0,0.0,0.0,0.0,0.0,0.0,0.0,0.0,0.0,0,0.0,0.0,0.8,0.0,0.0,0.0,0.0,0,0.0,0,0.0,0.0,0.0,0,0.0,0.0,0.0,0.0,0.0,0.0,0.0,0.0,0.0,0.0,0.0,0.0,0.0,0.0,1.6
GIN,0.0,0.0,0.8,0.0,0.0,0.0,0.0,0,0.0,0.0,0.0,0.0,0.0,0.0,0.0,0.0,0.0,0,0.0,0.0,0.0,0.0,0.0,0.0,0.0,0,0.0,0,0.0,0.0,0.0,0,0.0,0.0,0.8,0.0,0.0,0.0,0.0,0.0,0.0,0.0,0.0,0.0,0.0,0.0,1.6
MNG,0.0,0.0,0.8,0.0,0.0,0.0,0.0,0,0.0,0.0,0.0,0.0,0.0,0.0,0.0,0.0,0.0,0,0.0,0.0,0.0,0.0,0.0,0.0,0.0,0,0.8,0,0.0,0.0,0.0,0,0.0,0.0,0.0,0.0,0.0,0.0,0.0,0.0,0.0,0.0,0.0,0.0,0.0,0.0,1.6
JPN,0.0,0.0,0.8,0.0,0.0,0.0,0.0,0,0.0,0.0,0.0,0.8,0.0,0.0,0.0,0.0,0.0,0,0.0,0.0,0.0,0.0,0.0,0.0,0.0,0,0.0,0,0.0,0.0,0.0,0,0.0,0.0,0.0,0.0,0.0,0.0,0.0,0.0,0.0,0.0,0.0,0.0,0.0,0.0,1.6
SAU,0.0,0.0,0.8,0.0,0.0,0.0,0.0,0,0.0,0.0,0.0,0.0,0.0,0.0,0.0,0.0,0.0,0,0.0,0.0,0.0,0.0,0.0,0.0,0.0,0,0.0,0,0.0,0.0,0.0,0,0.0,0.0,0.0,0.0,0.0,0.8,0.0,0.0,0.0,0.0,0.0,0.0,0.0,0.0,1.6
GAB,0.0,0.6666666666666666,0.8,0.0,0.0,0.0,0.0,0,0.0,0.0,0.0,0.0,0.0,0.0,0.0,0.0,0.0,0,0.0,0.0,0.0,0.0,0.0,0.0,0.0,0,0.0,0,0.0,0.0,0.0,0,0.0,0.0,0.0,0.0,0.0,0.0,0.0,0.0,0.0,0.0,0.0,0.0,0.0,0.0,1.4666666666666668
TJK,0.0,0.0,0.8,0.0,0.0,0.0,0.0,0,0.0,0.0,0.0,0.0,0.0,0.0,0.0,0.0,0.0,0,0.0,0.0,0.0,0.0,0.0,0.0,0.0,0,0.0,0,0.0,0.0,0.0,0,0.0,0.0,0.0,0.0,0.0,0.0,0.0,0.0,0.0,0.5,0.0,0.0,0.0,0.0,1.3
JOR,0.0,0.0,0.8,0.0,0.0,0.0,0.0,0,0.0,0.0,0.5714285714285714,0.0,0.0,0.0,0.0,0.0,0.0,0,0.0,0.0,0.0,0.0,0.0,0.0,0.0,0,0.0,0,0.0,0.0,0.0,0,0.0,0.0,0.0,0.0,0.0,0.0,0.0,0.0,0.0,0.0,0.0,0.0,0.0,0.0,1.3714285714285714
