Mineral,Recognition_Score,USGS,EU,AUS,UK_Critical,UK_Growth,MYS,ZWE,CHN_strategic,ZAF,IND
ALU,8,1,1,1,1,1,1,0,1,1,0
ANT,8,1,1,1,1,1,0,1,1,0,1
ARS,3,1,1,1,0,0,0,0,0,0,0
BAR,2,1,1,0,0,0,0,0,0,0,0
BER,5,1,1,1,0,1,0,0,0,0,1
BIS,5,1,1,1,1,0,0,0,0,0,1
BOR,3,1,1,0,1,0,0,0,0,0,0
CES,2,1,0,0,0,0,0,0,1,0,0
CHR,6,1,0,1,0,1,0,1,1,1,0
COB,9,1,1,1,1,1,0,1,1,1,1
COP,7,1,1,0,0,1,0,1,1,1,1
FLU,4,1,1,0,0,0,0,0,1,1,0
GAL,6,1,1,1,1,1,0,0,0,0,1
GER,6,1,1,1,1,1,0,0,0,0,1
GOL,2,0,0,0,0,0,0,0,1,1,0
GRA,8,1,1,0,1,1,0,1,1,1,1
HAF,6,1,1,1,1,1,0,0,0,0,1
HEL,3,0,1,0,1,1,0,0,0,0,0
IND,5,1,1,1,1,0,0,0,0,0,1
IRI,2,1,0,0,1,0,0,0,0,0,0
IRO,2,0,0,0,1,0,0,0,0,1,0
KAO,1,0,0,0,0,0,1,0,0,0,0
LED,1,1,0,0,0,0,0,0,0,0,0
LIT,9,1,1,1,1,1,0,1,1,1,1
MAG,5,1,1,1,1,0,0,0,0,1,0
MAN,7,1,1,1,1,1,0,1,1,0,0
MCO,3,1,1,0,0,0,0,0,0,1,0
MGM,1,0,0,0,1,0,0,0,0,0,0
NIC,9,1,1,1,1,1,0,1,1,1,1
NIO,6,1,1,1,1,0,0,1,0,0,1
PAL,2,1,0,0,0,0,0,0,0,1,0
PGM,4,0,0,0,0,1,0,1,0,1,1
PHO,6,1,1,0,1,0,0,0,1,1,1
PLA,4,1,1,1,1,0,0,0,0,0,0
POT,3,1,0,0,0,0,0,0,1,0,1
REE,10,1,1,1,1,1,1,1,1,1,1
RHE,5,1,0,1,1,1,0,0,0,0,1
RHO,3,1,0,0,1,0,0,0,0,1,0
RUB,1,1,0,0,0,0,0,0,0,0,0
RUT,3,1,0,0,1,0,0,1,0,0,0
SCA,3,1,1,1,0,0,0,0,0,0,0
SEL,2,0,0,1,0,0,0,0,0,0,1
SIL,7,1,1,1,1,1,1,0,0,0,1
SLV,1,1,0,0,0,0,0,0,0,0,0
SOD,1,0,0,0,1,0,0,0,0,0,0
STR,2,0,1,0,0,0,0,0,0,0,1
TAN,6,1,1,1,1,1,0,0,0,0,1
TEL,4,1,0,1,1,0,0,0,0,0,1
TIN,6,1,0,0,1,1,1,0,1,0,1
TIT,7,1,1,1,1,1,0,0,0,1,1
TUN,8,1,1,1,1,1,0,1,1,0,1
URA,5,1,0,0,0,1,0,1,1,1,0
VAN,6,1,1,1,1,0,0,0,0,1,1
ZIN,2,1,0,0,1,0,0,0,0,0,0
ZIR,5,1,0,1,0,0,0,0,1,1,1
MOL,1,0,0,0,0,0,0,0,0,0,1
CAD,1,0,0,0,0,0,0,0,0,0,1
