Mineral Code,Producer Country Count,Total Manufacturing Demand,Criticality
NIO,3,4,1.3333333333333333
RHO,3,4,1.3333333333333333
RUT,3,4,1.3333333333333333
CES,4,4,1.0
IRI,4,4,1.0
PAL,4,4,1.0
PLA,4,4,1.0
RUB,4,4,1.0
ARS,5,4,0.8
BAR,5,4,0.8
BER,5,4,0.8
BIS,5,4,0.8
BOR,5,4,0.8
CHR,5,4,0.8
COB,5,4,0.8
FLU,5,4,0.8
GAL,5,4,0.8
GER,5,4,0.8
HAF,5,4,0.8
IND,5,4,0.8
LED,5,4,0.8
MAG,5,4,0.8
MAN,5,4,0.8
MCO,5,4,0.8
PHO,5,4,0.8
RHE,5,4,0.8
SIL,5,4,0.8
TAN,5,4,0.8
TEL,5,4,0.8
TIT,5,4,0.8
TUN,5,4,0.8
ZIN,5,4,0.8
ZIR,5,4,0.8
ALU,6,4,0.6666666666666666
ANT,6,4,0.6666666666666666
GRA,6,4,0.6666666666666666
LIT,6,4,0.6666666666666666
NIC,6,4,0.6666666666666666
SLV,6,4,0.6666666666666666
TIN,6,4,0.6666666666666666
POT,5,3,0.6
SCA,5,3,0.6
VAN,5,3,0.6
COP,7,4,0.5714285714285714
URA,6,3,0.5
REE,13,4,0.3076923076923077
