Mineral,Code
Aluminum (Bauxite),ALU
Bauxite,ALU
Aluminium,ALU
Antimony,ANT
Arsenic,ARS
Barite,BAR
Beryllium,BER
Bismuth,BIS
Boron,BOR
Borates,BOR
Cesium,CES
Chromium,CHR
Chrome,CHR
Cobalt,COB
Copper,COP
Fluorspar,FLU
Gallium,GAL
Germanium,GER
Graphite,GRA
Natural,GRA
Hafnium,HAF
Helium,HEL
Indium,IND
Iridium,IRI
Iron,IRO
Kaolin,KAO
Lead,LED
Lithium,LIT
Magnesium,MAG
Magnesite,MAG
Manganese,MAN
Metallurgical Coal,MCO
Nickel,NIC
Niobium,NIO
Palladium,PAL
Platinum,PGM
Phosphate,PHO
Phosphorus,PHO
Potash,POT
Rare Earth Elements,REE
Rare,REE
Rhenium,RHE
Rhodium,RHO
Rubidium,RUB
Ruthenium,RUT
Scandium,SCA
Selenium,SEL
Silica Sand,SIL
Silicon (Quartz),SIL
Silicon,SIL
Silver,SLV
Sodium,SOD
Strontium,STR
Tantalum,TAN
Tellurium,TEL
Tin,TIN
Titanium,TIT
Tungsten,TUN
Uranium,URA
Vanadium,VAN
Zinc,ZIN
Zirconium (Zircon),ZIR
Gold,GOL
Cadmium,CAD
Molybdenum,MOL
