Mineral,Code
Aluminum (Bauxite),ALU
Antimony,ANT
Arsenic,ARS
Barite,BAR
Beryllium,BER
Bismuth,BIS
Boron,BOR
Cesium,CES
Chromium,CHR
Cobalt,COB
Copper,COP
Fluorspar,FLU
Gallium,GAL
Germanium,GER
Graphite,GRA
Hafnium,HAF
Indium,IND
Iridium,IRI
Lead,LED
Lithium,LIT
Magnesium,MAG
Manganese,MAN
Metallurgical Coal,MCO
Nickel,NIC
Niobium,NIO
Palladium,PAL
Phosphate,PHO
Platinum,PLA
Potash,POT
Rhenium,RHE
Rhodium,RHO
Rubidium,RUB
Ruthenium,RUT
Scandium,SCA
Silicon (Quartz),SIL
Silver,SLV
Tantalum,TAN
Tellurium,TEL
Tin,TIN
Titanium,TIT
Tungsten,TUN
Uranium,URA
Vanadium,VAN
Zinc,ZIN
Zirconium (Zircon),ZIR
Rare Earth Elements,REE
