Count of Country Code,Column Labels,Unnamed: 2,Unnamed: 3,Unnamed: 4,Unnamed: 5,Unnamed: 6,Unnamed: 7,Unnamed: 8,Unnamed: 9,Unnamed: 10,Unnamed: 11
Row Labels,ADS ,AGR ,AUT ,CEE ,CHM ,CON ,ELS ,EPG ,HCS ,MSM ,Grand Total
USA,10,2,6,,1,,7,2,2,2,32
CHN,,1,,1,4,5,,1,4,,16
DEU,,3,,3,1,,,2,,,9
FRA,,,,1,2,,2,1,,,6
KOR,,1,2,1,,,,1,,,5
JPN,,2,,1,,,,1,,,4
CAN,,,,,,1,,,1,1,3
ESP,,,,1,1,,,,1,,3
NLD,,1,1,,,,,,,,2
SAU,,,,,,,,1,,1,2
NOR,,,,1,,,,,,1,2
AUS,,,,,,1,,,,1,2
GBR,,,,,,,1,1,,,2
CHE,,,,,,1,,,,1,2
IND,,,,,,,,,1,1,2
DNK,,,,,,,,,1,,1
TUR,,,,,1,,,,,,1
ITA,,,,1,,,,,,,1
LUX,,,,,,1,,,,,1
TWN,,,1,,,,,,,,1
MAR,,,,,,,,,,1,1
BRA,,,,,,1,,,,,1
ISR,,,,,,,,,,1,1
Grand Total,10,10,10,10,10,10,10,10,10,10,100
