Mineral Code,ADS ,AGR ,AUT ,CEE ,CHM ,CON ,ELS ,EPG ,HCS ,MSM ,total manufacturing demand
ALU,,,1.0,,,1.0,,1.0,1.0,,4
ANT,1.0,,,1.0,1.0,,1.0,,,,4
ARS,,,,,1.0,,2.0,,,1.0,4
BAR,,,,,3.0,,,1.0,,,4
BER,2.0,,,,,,2.0,,,,4
BIS,,,,,1.0,,,,2.0,1.0,4
BOR,,1.0,,,1.0,2.0,,,,,4
CES,,,,,,,2.0,1.0,1.0,,4
CHR,1.0,,,,1.0,,,,,2.0,4
COB,3.0,,,1.0,,,,,,,4
COP,,,,1.0,,1.0,1.0,1.0,,,4
FLU,,,,,2.0,,,,,2.0,4
GAL,,,,1.0,,,3.0,,,,4
GER,,,,1.0,,,3.0,,,,4
GRA,,,,1.0,1.0,,,,,2.0,4
HAF,2.0,,,,,,1.0,1.0,,,4
IND,,,,1.0,,,3.0,,,,4
IRI,1.0,,,1.0,1.0,,1.0,,,,4
LED,1.0,,,1.0,,1.0,,,1.0,,4
LIT,,,1.0,2.0,,,1.0,,,,4
MAG,1.0,,1.0,,,,,,,2.0,4
MAN,,1.0,,1.0,1.0,,,,,1.0,4
MCO,,,,,,,,,,4.0,4
NIC,1.0,,,1.0,1.0,,,,,1.0,4
NIO,,,1.0,,,2.0,,,,1.0,4
PAL,,,1.0,,,,1.0,,2.0,,4
PHO,,3.0,,,1.0,,,,,,4
PLA,,,1.0,1.0,1.0,,,,1.0,,4
REE,,,1.0,2.0,,,1.0,,,,4
RHE,3.0,,,,1.0,,,,,,4
RHO,,,1.0,,2.0,,1.0,,,,4
RUB,,,,,1.0,,2.0,,1.0,,4
RUT,,,,1.0,1.0,,2.0,,,,4
SIL,,,,1.0,,2.0,1.0,,,,4
SLV,,,,1.0,,,1.0,,2.0,,4
TAN,2.0,,,,,,1.0,,1.0,,4
TEL,,,,1.0,,,2.0,,,1.0,4
TIN,,,,,1.0,,1.0,,1.0,1.0,4
TIT,1.0,,,,2.0,,,,1.0,,4
TUN,2.0,,,,,,,,,2.0,4
ZIN,,,1.0,,1.0,1.0,,,,1.0,4
ZIR,,,,,1.0,1.0,,1.0,,1.0,4
POT,,2.0,,,1.0,,,,,,3
SCA,1.0,,,1.0,,,,,1.0,,3
URA,1.0,,,,,,,1.0,1.0,,3
VAN,1.0,,,1.0,,,,,,1.0,3
