List of ISO 3166 country codes - Wikipedia,Unnamed: 1,Unnamed: 2,Unnamed: 3,Unnamed: 4,Unnamed: 5
Federal Register :: Final 2025 List of Critical Minerals,,,,,
Top 151 largest Aerospace & Defense Companies in the World 2026,,,,,
Zimbabwe bans raw exports of 14 metals after lithium revenues jumped 106%,,,,,
【全国矿产资源规划】-国家发展和改革委员会,,,,,Column 3: Strategic Minerals Catalogue (24 types)
Critical Minerals and Metals Strategy South Africa 2025,,,,,
Australia’s Critical Minerals List and Strategic Materials List | Department of Industry Science and Resources,,,,,
Critical Minerals technical annex - GOV.UK,,,,,
Policy database – Data & Statistics - IEA,,,,,
649d4212cceb01688027666.pdf,,,,,
