Country Code,Population
AFG,45905417
AGO,39047321
ALB,2359609
AND,81938
ARE,11365333
ARG,47400000
ARM,3184835
ATG,93772
AUS,28633711
AUT,9270700
AZE,10372335
BDI,13551992
BEL,11937000
BEN,14418145
BFA,25950000
BGD,213421037
BGR,6470307
BHR,1668768
BHS,401283
BIH,3480601
BLR,9139676
BLZ,417072
BOL,11424031
BRA,223800000
BRB,282467
BRN,462721
BTN,902623
BWA,2365600
CAF,6532019
CAN,43844000
CHE,9217573
CHL,20305907
CHN,1429404000
CIV,32658977
CMR,30034040
COD,122930000
COG,6423207
COL,54227015
COM,956044
CPV,524877
CRI,5248621
CUB,9488428
CYP,1066809
CZE,11294243
DEU,86092168
DJI,1235549
DMA,66205
DNK,6109644
DOM,10896003
DZA,49801559
ECU,18153386
EGY,111652998
ERI,3866233
ESP,51097986
EST,1367764
ETH,114849400
FIN,5895466
FJI,944388
FRA,69487000
FSM,62000
GAB,2774538
GBR,70038850
GEO,4064780
GHA,34389400
GIN,17816143
GMB,2469296
GNB,2116427
GNQ,1819074
GRC,10610483
GRD,113000
GRL,68200
GTM,19036031
GUY,983000
HKG,7539852
HND,10273700
HRV,3941100
HTI,11936546
HUN,10185363
IDN,341784857
IND,8232000000
IRL,5557096
IRN,102300000
IRQ,46466688
ISL,372000
ISR,10266627
ITA,63522380
JAM,2886179
JOR,11972169
JPN,131150866
KAZ,21201635
KEN,58940756
KGZ,7510800
KHM,18103660
KIR,136488
KNA,47000
KOR,51375327
KWT,4927532
LAO,8095498
LBN,6029976
LBR,5357300
LBY,7745000
LCA,184000
LIE,39000
LKA,23003214
LSO,2136385
LTU,3022401
LUX,750325
LVA,1890252
MAR,37256000
MCO,39471
MDA,2422712
MDG,32684503
MDV,521000
MEX,146028325
MHL,61000
MKD,1832100
MLI,23235002
MLT,542000
MMR,53282719
MNE,616000
MNG,3682669
MOZ,35300280
MRT,5217296
MUS,1360745
MWI,21781800
MYS,34958973
NAM,3096900
NER,27801023
NGA,241499431
NIC,7057841
NLD,18312373
NOR,5652897
NPL,32494020
NRU,12000
NZL,5398645
OMN,5405368
PAK,288315089
PAN,4881254
PER,34378768
PHL,116452162
PLW,18000
PNG,10186738
POL,38778554
PRK,26472497
PRT,11867032
PRY,6110200
PSE,5636904
QAT,3412000
ROU,19575061
RUS,169828911
RWA,15786898
SAU,36828330
SDN,53399171
SEN,20031602
SGP,6142180
SLB,784043
SLE,9434593
SLV,6031699
SMR,38196
SOM,20590589
SRB,6874748
SSD,17073087
STP,238000
SUR,632000
SVK,5458600
SVN,2335930
SWE,10721000
SWZ,1241856
SYC,120000
SYR,27522750
TCD,20150948
TGO,9056080
THA,69081996
TJK,10771504
TKM,7404300
TLS,1585566
TON,108000
TTO,1409452
TUN,12332788
TUR,87134000
TUV,9492
TWN,24736828
TZA,83467117
UGA,46118793
UKR,29442327
URY,3591120
USA,1404890000
UZB,41417056
VAT,1681
VCT,111000
VEN,28700000
VNM,108613296
VUT,338000
WSM,225000
YEM,34157732
ZAF,70250751
ZMB,23143000
ZWE,17521167
