Country Code,GDP_IMF_2026
AFG,19662
AGO,152354
ALB,33333
AND,4880000000
ARE,621546
ARG,688378
ARM,31873
ATG,2380000000
AUS,2123963
AUT,623719
AZE,78372
BEL,776730
BEN,27786
BFA,32513
BGD,510705
BGR,148121
BHR,48849
BHS,17042
BIH,36771
BLR,102042
BLZ,3450000000
BOL,80743
BRA,2635912
BRB,8480000000
BRN,16863
BWA,21937
CAN,2507340
CHE,1146911
CHL,407850
CHN,20851593
CIV,112115
CMR,65135
COD,123406
COG,17028
COL,539530
CPV,3450000000
CRI,109931
CYP,45171
CZE,432597
DEU,5452858
DMA,790670000
DNK,503772
DOM,136148
DZA,317173
ECU,138194
EGY,429645
ESP,2091222
EST,51634
ETH,121537
FIN,337669
FRA,3596094
FSM,521280000
GAB,23363
GBR,4264794
GEO,42716
GHA,118293
GIN,29930
GNQ,13722
GRC,307554
GRD,1483
GRL,3300
GTM,128886
GUY,33961
HKG,450138
HND,41505
HRV,116574
HTI,39180
HUN,271122
IDN,1539872
IND,4153191
IRL,779381
IRN,300293
IRQ,264784
ISL,43800
ISR,719848
ITA,2738164
JAM,23028
JOR,64909
JPN,4379253
KAZ,360456
KEN,147265
KGZ,23606
KHM,52379
KIR,400720000
KNA,1143
KOR,1931008
KWT,172920
LAO,18959
LBN,34497
LBY,52453
LCA,2770000000
LIE,9440000000
LKA,98964
LTU,105907
LUX,110417
LVA,53686
MAC,54228
MAR,194333
MDA,21889
MDG,21185
MDV,8130000000
MEX,2120855
MHL,342340000
MKD,21605
MLI,33847
MLT,30712
MMR,83832
MNE,10230000000
MNG,28450
MOZ,23275
MRT,14352
MUS,17119
MWI,18152
MYS,516428
NAM,17314
NER,24813
NGA,377365
NIC,24227
NLD,1449704
NOR,599406
NPL,45844
NRU,195910000
NZL,278636
OMN,117176
PAK,407786
PAN,95024
PER,380900
PHL,512222
PLW,377380000
PNG,34403
POL,1134248
PRT,380637
PRY,60542
QAT,217416
ROU,480834
RUS,2656452
RWA,17336
SAU,1388676
SDN,44688
SEN,40469
SGP,659572
SLV,39838
SOM,14174
SRB,112025
STP,1161
SUR,5910000000
SVK,168897
SVN,86732
SWE,760481
SYC,2250000000
TCD,25628
TGO,13437
THA,579996
TJK,20418
TKM,83065
TON,716330000
TTO,26836
TUN,60745
TUR,1640223
TUV,65240000
TWN,976719
TZA,94889
UGA,73370
UKR,225337
URY,96092
USA,32383920
UZB,181502
VCT,1236
VEN,111303
VNM,527266
VUT,1396
WSM,1376
XKX,14053
ZAF,479964
ZMB,41243
ZWE,56713
BTN,3856000000
BDI,8137000000
CAF,3492000000
COM,1814920856
CUB,107352000000
DJI,4725000000
ERI,2275290216
SWZ,5792000000
FJI,6352000000
GMB,2792000000
GNB,2985000000
PRK,16446632290
LSO,2972000000
LBR,5642000000
MCO,11125788838
PSE,17167100000
SMR,2420000000
SLE,8270000000
SLB,1750000000
SSD,6069000000
SYR,19993439950
TLS,1902180258
YEM,7435000000
