Country Code,Land_Area_km2
AFG,652230
ALB,27400
DZA,2381741
AND,468
AGO,1246700
ATG,442
ARG,2736690
ARM,28470
AUS,7682300
AUT,82520
AZE,82650
BHS,10010
BHR,778
BGD,130170
BRB,431
BLR,202900
BEL,30280
BLZ,22810
BEN,112760
BTN,38140
BOL,1083300
BIH,51200
BWA,566730
BRA,8460415
BRN,5765
BGR,108489
BFA,273800
BDI,25680
CPV,4033
KHM,176520
CMR,472710
CAN,9093507
CAF,622984
TCD,1259200
CHL,743812
CHN,9326410
COL,1038700
COM,1861
COG,341500
COD,2267048
CRI,51140
CIV,318000
HRV,55974
CUB,109884
CYP,9241
CZE,77187
DNK,42434
DJI,23180
DMA,750
DOM,48320
ECU,276841
EGY,995450
SLV,20720
GNQ,28051
ERI,101000
EST,42388
SWZ,17200
ETH,1096570
FJI,18272
FIN,303815
FRA,640427
GAB,257670
GMB,10120
GEO,69490
DEU,349390
GHA,227533
GRC,128900
GRD,344
GTM,107160
GIN,245717
GNB,28120
GUY,196850
HTI,27560
HND,111890
HUN,91260
ISL,100830
IND,2973190
IDN,1811569
IRN,1622500
IRQ,437367
IRL,68883
ISR,21497
ITA,295717
JAM,10830
JPN,364485
JOR,88794
KAZ,2699700
KEN,569140
KIR,811
PRK,120410
KWT,17818
KGZ,191800
LAO,230800
LVA,62230
LBN,10230
LSO,30355
LBR,96320
LBY,1759540
LIE,160
LTU,62610
LUX,2574
MDG,581540
MWI,94080
MYS,329432
MDV,300
MLI,1220190
MLT,315
MHL,180
MRT,1030700
MUS,2086
MEX,1943950
FSM,700
MDA,32970
MCO,2
MNG,1557507
MNE,13450
MAR,446300
MOZ,786380
MMR,653508
NAM,823290
NRU,21
NPL,143350
NLD,33893
NZL,264537
NIC,120340
NER,1266700
NGA,910770
MKD,25220
NOR,304282
OMN,309500
PAK,857143
PLW,459
PAN,74180
PNG,452860
PRY,397300
PER,1279996
PHL,298170
POL,304255
PRT,91470
QAT,11586
ROU,230080
RUS,16376870
RWA,24670
KNA,261
LCA,610
VCT,389
WSM,2780
SMR,61
STP,964
SAU,2149690
SEN,192530
SRB,88499
SYC,457
SLE,72180
SGP,735
SVK,48080
SVN,2335930
SLB,27990
SOM,627340
ZAF,1214470
SSD,644329
ESP,498980
LKA,61860
SDN,1868000
SUR,156000
SWE,407284
CHE,39510
SYR,183630
TWN,32260
TJK,141510
TZA,885800
THA,510890
TLS,14874
TGO,54390
TON,720
TTO,5131
TUN,155360
TUR,769632
TKM,469930
TUV,26
UGA,200520
UKR,579330
ARE,82880
GBR,242741
USA,9147593
URY,175015
UZB,425400
VUT,12189
VEN,882050
VNM,313429
YEM,455503
ZMB,743390
ZWE,386850
VAT,0.44
KOR,100472
PSE,6020
GRL,2166086
