Country Code,GNI_Coefficient
AFG,33
AGO,51
ALB,33
AND,32
ARE,42
ARG,42
ARM,32
ATG,42
AUS,34
AUT,30
AZE,33
BDI,42
BEL,27
BEN,47
BFA,39
BGD,32
BGR,41
BHR,36
BHS,45
BIH,33
BLR,25
BLZ,53
BOL,44
BRA,53
BRB,41
BRN,38
BTN,37
BWA,53
CAF,56
CAN,33
CHE,33
CHL,49
CHN,39
CIV,41
CMR,46
COD,42
COG,42
COL,51
COM,45
CPV,41
CRI,48
CUB,39
CYP,31
CZE,25
DEU,31
DJI,41
DMA,39
DNK,28
DOM,45
DZA,35
ECU,45
EGY,31
ERI,41
ESP,34
EST,28
ETH,33
FIN,27
FJI,36
FRA,32
FSM,38
GAB,42
GBR,35
GEO,36
GHA,43
GIN,43
GMB,45
GNB,50
GNQ,43
GRC,33
GRD,41
GTM,48
GUY,43
HND,48
HRV,30
HTI,41
HUN,28
IDN,38
IND,35
IRL,30
IRN,38
IRQ,30
ISL,26
ISR,36
ITA,33
JAM,45
JOR,33
JPN,32
KAZ,28
KEN,40
KGZ,29
KHM,38
KIR,37
KNA,41
KOR,32
KWT,37
LAO,38
LBN,32
LBR,36
LBY,31
LCA,41
LIE,31
LKA,38
LSO,45
LTU,41
LUX,31
LVA,37
MAR,39
MCO,32
MDA,34
MDG,42
MDV,38
MEX,48
MHL,37
MKD,33
MLI,36
MLT,32
MMR,30
MNE,33
MNG,33
MOZ,48
MRT,39
MUS,36
MWI,41
MYS,41
NAM,59
NER,34
NGA,35
NIC,46
NLD,28
NOR,27
NPL,34
NRU,37
NZL,33
OMN,39
PAK,33
PAN,51
PER,43
PHL,42
PLW,39
PNG,41
POL,30
PRK,33
PRT,33
PRY,47
QAT,41
ROU,34
RUS,37
RWA,43
SAU,45
SDN,35
SEN,39
SGP,45
SLB,37
SLE,35
SLV,40
SMR,32
SOM,41
SRB,34
SSD,44
STP,42
SUR,44
SVK,26
SVN,24
SWE,28
SWZ,54
SYC,46
SYR,33
TCD,43
TGO,43
THA,36
TJK,34
TKM,38
TLS,37
TON,37
TTO,41
TUN,32
TUR,41
TUV,37
TWN,34
TZA,38
UGA,42
UKR,26
URY,39
USA,41
UZB,30
VAT,31
VCT,41
VEN,44
VNM,35
VUT,37
WSM,38
YEM,37
ZAF,63
ZMB,57
ZWE,50
GRL,33
PSE,36
